"Kale�Average retail price per pound and per cup equivalent, 2016",,,,,,
Form,Average retail price ,,Preparation,Size of a ,,Average price
,,,yield factor,cup equivalent ,,per cup equivalent
Fresh1,$2.88, per pound,1.05,0.287,pound,$0.79
Frozen2,$2.07, per pound,0.899,0.364,pound,$0.84
"1Includes packaged, fresh-cut (e.g., cut or chopped) kale. It is assumed that fresh kale is boiled prior to consumption. Agriculture Handbook No.102 reports a 105-percent preparation yield from boiling raw kale, a 5-percent gain. ",,,,,,
,,,,,,
"2It is assumed that frozen kale is cooked prior to consumption. The USDA Food and Nutrient Database for Dietary Studies (FNDDS) reports that cooking a ten-ounce package of frozen kale yields 255 grams of cooked vegetable, indicating a preparation yield of about 90 percent.",,,,,,
,,,,,,
"Source: Calculated by USDA, Economic Research Service, from 2016 IRI Infoscan data; the USDA Food and Nutrient Database for Dietary Studies (FNDDS), 5.0; Agriculture Handbook No.102, Food Yields Summarized by Different Stages of Preparation, 1975 (AH102); and the Food Patterns Equivalents Database (FPED) 2013-14 as well as the FPED's accompanying Methodology and User Guide.",,,,,,
