"Lentils�Average retail price per pound and per cup equivalent, 2016",,,,,,
Form,Average retail price ,,Preparation,Size of a ,,Average price
,,,yield factor,cup equivalent ,,per cup equivalent
Dried1,$1.56, per pound,2.716,0.386,pounds,$0.22
"1Dried lentils must be cooked prior to consumption. The USDA Food and Nutrient Database for Dietary Studies (FNDDS) reports that cooking one ounce of dry lentils yields 77 grams of cooked lentils, indicating a preparation yield of about 271.6 percent.",,,,,,
,,,,,,
"Source: Calculated by USDA, Economic Research Service, from 2016 IRI Infoscan data; the USDA Food and Nutrient Database for Dietary Studies (FNDDS), 5.0; and the Food Patterns Equivalents Database (FPED) 2013-14 as well as the FPED's accompanying Methodology and User Guide.",,,,,,
