"Romaine lettuce�Average retail price per pound and per cup equivalent, 2016",,,,,,
Form,Average retail price ,,Preparation,Size of a ,,Average price
,,,yield factor,cup equivalent ,,per cup equivalent
Fresh1, ,,, , ,
  Full Heads,$1.48, per pound,0.94,0.209,pounds,$0.33
  Hearts,$2.55, per pound,0.85,0.209,pounds,$0.63
"1It is assumed that consumers eat the lettuce raw. The USDA National Nutrient Database for Standard Reference (SR) reports a refuse share of 6 percent (core) for full heads of Romaine lettuce. For Romaine hearts, ERS assumes a refuse share of 15 percent based on products purchased at supermarkets. ",,,,,,
,,,,,,
"Source: Calculated by USDA, Economic Research Service, from 2016 IRI Infoscan data; the USDA National Nutrient Database for Standard Reference (SR), Release 26; and the Food Patterns Equivalents Database (FPED) 2013-14 as well as the FPED's accompanying Methodology and User Guide.",,,,,,
