"Lima beans�Average retail price per pound and per cup equivalent, 2016",,,,,,
Form,Average retail price ,,Preparation,Size of a ,,Average price
,,,yield factor,cup equivalent ,,per cup equivalent
Canned1,$1.33, per pound,0.65,0.375,pounds,$0.77
Frozen2,$1.90, per pound,1.097,0.375,pounds,$0.65
Dried3,$2.22, per pound,2.504,0.386,pounds,$0.34
"1The liquid contents of the can are discarded prior to consumption. Based on the Food Patterns Equivalents Database (FPED), ERS assumes that 65 percent of the can's gross weight is solid and 35 percent is liquid medium. The FPED cup equivalent weight for canned lima beans is the weight of the solids and not of the liquid medium in which the vegetable is packed. The preparation yield factor for canned lima beans in the above table does not account for any further preparation that occurs prior to consumption.",,,,,,
,,,,,,
"2It is assumed that frozen lima beans are cooked prior to consumption. The USDA Food and Nutrient Database for Dietary Studies (FNDDS) reports that cooking ten ounces of frozen lima beans yields 311 grams of cooked vegetable, indicating a preparation yield of about 109.7 percent.",,,,,,
,,,,,,
"3Dried lima beans must be cooked prior to consumption. The FNDDS reports that cooking one ounce of dry lima beans yields 71 grams, indicating a preparation yield of about 250.4 percent.",,,,,,
,,,,,,
"Source: Calculated by USDA, Economic Research Service, from 2016 IRI Infoscan data; the USDA National Nutrient Database for Standard Reference (SR), Release 26; the USDA Food and Nutrient Database for Dietary Studies (FNDDS), 5.0; and the Food Patterns Equivalents Database (FPED) 2013-14 as well as the FPED's accompanying Methodology and User Guide.",,,,,,
,,,,,,
,,,,,,
,,,,,,
,,,,,,
,,,,,,
,,,,,,
,,,,,,
,,,,, ,
