"Mixed vegetables�Average retail price per pound and per cup equivalent, 2016",,,,,,,,
Form,Average retail price ,,Preparation,Size of a ,,Average price,,
,,,yield factor,cup equivalent ,,per cup equivalent,,
Green Peas & Carrots, ,, , , ,,,
  Canned1,$1.12, per pound,0.65,0.334,pounds,$0.57,,
  Frozen2,$1.34, per pound,0.99,0.302,pounds,$0.41,,
Succotash3, ,, , , ,,,
  Canned1,$1.13, per pound,0.65,0.374,pounds,$0.65,,
  Frozen4,$1.79, per pound,1,0.374,pounds,$0.67,,
"1The liquid contents of the can are discarded prior to consumption. Based on the Food Patterns Equivalents Database (FPED), ERS assumes that 65 percent of the can's gross weight is solid and 35 percent is liquid medium. The FPED cup equivalent weight for canned vegetables is the weight of solids and not of the liquid medium in which the vegetable is packed. The preparation yield factor for canned vegetables in the above table does not account for any further preparation that occurs prior to consumption.",,,,,,,,
,,,,,,,,
2Agriculture Handbook No.102 reports a preparation yield of 99 percent for boiling or steaming frozen peas and carrots.,,,,,,,,
,,,,,,,,
"3Succotash consists primarily of corn and lima beans. Though it may also contain other ingredients, including other shell beans, ERS limits it here to mixes of corn and lima beans.",,,,,,,,
,,,,,,,,
4Agriculture Handbook No.102 reports a preparation yield of 100 percent for boiling or steaming frozen succotash.,,,,,,,,
,,,,,,,,
"Source: Calculated by USDA, Economic Research Service, from 2016 IRI Infoscan data; Agriculture Handbook No.102, Food Yields Summarized by Different Stages of Preparation, 1975 (AH102); and the Food Patterns Equivalents Database (FPED) 2013-14 as well as the FPED's accompanying Methodology and User Guide.",,,,,,,,
