"Olives�Average retail price per pound and per cup equivalent, 2016",,,,,,
Form,Average retail price ,,Preparation,Size of a ,,Average price
,,,yield factor,cup equivalent ,,per cup equivalent
"Canned1,2",$5.09, per pound,1,0.298,pounds,$1.51
"1Includes pitted black olives; excludes green olives, stuffed olives, unpitted olives, and some cultivars like calamata, manzanillo, sevillano, and seville, among others.",,,,,,
,,,,,,
"2Based on products observed at supermarkets and through online grocers, ERS assumes that canned olives are sold on a drained weight basis. That is, the weight reported on the label includes only the weight of the solids in the can, not the weight of the liquids. ERS does not account for any cooking or other preparation that may occur prior to consumption.",,,,,,
,,,,,,
"Source: Calculated by USDA, Economic Research Service, from 2016 IRI Infoscan data and the Food Patterns Equivalents Database (FPED) 2013-14 as well as the FPED's accompanying Methodology and User Guide.",,,,,,
